,base_dcor,mean_random_dcor,fraction_better
mean,0.12025795364152636,0.120224417332539,0.4880000000000001
std,0.004823079300680984,0.0023276856089530277,0.26542121439823074
