,base_dcor,mean_random_dcor,fraction_better
mean,0.13083069012823118,0.13064689209281574,0.5
std,0.006906880570665153,0.00316576274013156,0.31457573767988223
